user,location,tweet text,tweet date
eraser,Sevilla,BLOCKCHAIN NOW AND TOMORROW ASSESSING. Multidimensional impacts of distributed ledger technologies.‚Ä¶ https://t.co/RHNYvpEQzP,2019-12-12 01:00:26
RoshaundaDGreen,"Atlanta, GA",RT @HRCurator: RT @DVPRMND  @kar_saswat  @hrtodayghana35  @ebcrew00   Thx4RT fr @HRCurator: The Evolving Role Of #HR In A #GigEconomy https‚Ä¶,2019-12-12 00:53:56
CXC_AUS,"Australia, The World",10 predictions for the #futureofwork from leaders via @LaddersHQ #flexibleworking #gigeconomy https://t.co/u11PkF7ixW,2019-12-12 00:36:03
GCUCGLOBAL,Next up a GCUC USA in Seattle ,RT @Smallbizlabs: Laws to protect Uber drivers could put freelance journalists out of business: https://t.co/XMwtblgu4c &lt;- yet another arti‚Ä¶,2019-12-12 00:33:27
TheBoydCompany,"Princeton, NJ","Freelancers just one of several industries up in arms over California‚Äôs ill-advised employment law.  Here in NJ,  c‚Ä¶ https://t.co/ZbBTLXFwvg",2019-12-12 00:16:32
martinhoyes,"California, USA","RT @AndySpence: The infrastructure of how we find work and workers needs to be significantly upgraded from where we are today 

#Blockchain‚Ä¶",2019-12-11 23:55:06
Smallbizlabs,San Francisco,California‚Äôs new employment law has boomeranged and is starting to crush freelancers: https://t.co/5bPeUlUAIM  #gigeconomy,2019-12-11 23:51:37
Smallbizlabs,San Francisco,Laws to protect Uber drivers could put freelance journalists out of business: https://t.co/XMwtblgu4c &lt;- yet anothe‚Ä¶ https://t.co/MwTEi6eVga,2019-12-11 23:40:11
IndieMusicPod,Worldwide,"RT @DTongSports: 18,800+ Completed Orders on Fiverr!

Check out my gigs at: https://t.co/kjw1ssumR1

#fiverr #entrepreneur #voiceover #digi‚Ä¶",2019-12-11 23:29:55
dtongradio,"Denver, CO","RT @DTongSports: 18,800+ Completed Orders on Fiverr!

Check out my gigs at: https://t.co/kjw1ssumR1

#fiverr #entrepreneur #voiceover #digi‚Ä¶",2019-12-11 23:28:42
ErialbaniaLopez,"Miami, FL","RT @DTongSports: 18,800+ Completed Orders on Fiverr!

Check out my gigs at: https://t.co/kjw1ssumR1

#fiverr #entrepreneur #voiceover #digi‚Ä¶",2019-12-11 23:27:44
WinterParkRadio,"Winter Park, CO","RT @DTongSports: 18,800+ Completed Orders on Fiverr!

Check out my gigs at: https://t.co/kjw1ssumR1

#fiverr #entrepreneur #voiceover #digi‚Ä¶",2019-12-11 23:27:38
ErialbaniaLopez,"Miami, FL","RT @HaroldSinnott: 25 jobs emerging in the #futureofwork
@wef via @MikeQuindazzi #4IR #Industry40 #AI #Robotics #Autonomous #Automation #Gi‚Ä¶",2019-12-11 23:21:14
OpenMarketingTV,Amsterdam,"RT @HaroldSinnott: 25 jobs emerging in the #futureofwork
@wef via @MikeQuindazzi #4IR #Industry40 #AI #Robotics #Autonomous #Automation #Gi‚Ä¶",2019-12-11 23:21:09
dianemulcahy,Boston MA,@nitashatiku @hashtagmolotov @vdoellgast So true @nitashatiku - those wider issues aren‚Äôt specific to the‚Ä¶ https://t.co/nqAZ9jgyhm,2019-12-11 23:03:18
cybersec_feeds,Internet,"RT @AnitaMalik: Such incredible energy around growth for our #Phoenix biz ecosystem yesterday. 

Honored to speak at @GlobalChamPHX's Innov‚Ä¶",2019-12-11 23:03:06
ParkerDeweyLLC,"Chicago, IL","Is your team utilizing gig platforms? Do they understand the risks? Join Liane Scult, Sr. Freelance Program Manager‚Ä¶ https://t.co/tywMmXVCsX",2019-12-11 22:50:15
Jiseki_Health,,Free AB5 Webinar TOMORROW. If you're affected or (not sure) by the new #AB5 law effective Jan 1 you won't want to m‚Ä¶ https://t.co/eSsqelo0w1,2019-12-11 22:47:21
soconcieted97,"Houston,Texas","RT @HaroldSinnott: 25 jobs emerging in the #futureofwork
@wef via @MikeQuindazzi #4IR #Industry40 #AI #Robotics #Autonomous #Automation #Gi‚Ä¶",2019-12-11 22:34:20
guzmand,"Brooklyn, NY","RT @HaroldSinnott: 25 jobs emerging in the #futureofwork
@wef via @MikeQuindazzi #4IR #Industry40 #AI #Robotics #Autonomous #Automation #Gi‚Ä¶",2019-12-11 22:32:28
rparsonsx,Calgary AB,RT @ChanLRobinson: The ‚ÄúGig‚Äù Picture: One-in-three Canadians have done some kind of informal work in the past five years https://t.co/0Xis2‚Ä¶,2019-12-11 22:30:05
JohannaWenckeb1,Berlin & Frankfurt am Main,"RT @DontGIGUp2: Online the France Case Study Report of the ‚ÄòDon‚Äôt GIG up!‚Äô project!
This analysis investigates practices meant
to organise‚Ä¶",2019-12-11 22:22:51
TweetPKG,,RT @SR_russell99: When you receive your first Client Satisfaction survey for Solv. We think this says it all ‚úÖ üôå #Ten #gamechanger #innovat‚Ä¶,2019-12-11 22:15:38
PaulFEstes,"Seattle, WA","RT @dianemulcahy: Nice synopsis of the ways #HR and #CHROs need to change to  recruit and retain the best independent talent #GigEconomy
ht‚Ä¶",2019-12-11 22:08:15
CJD_Ardent,"Boston, MA","Tomorrow! Don't miss our webinar w/ @VectorVMS on the compelling ""in-house vs. outsourced"" approach for‚Ä¶ https://t.co/rRuCMaRruR",2019-12-11 22:01:30
joevecchiorocks,the web,"RT @DTongSports: 18,800+ Completed Orders on Fiverr!

Check out my gigs at: https://t.co/kjw1ssumR1

#fiverr #entrepreneur #voiceover #digi‚Ä¶",2019-12-11 21:58:30
DownloadingDave,Born: Yesterday,"RT @VoidCatGaming: ""the gig economy"" ie ""we know you need three jobs to survive but we'll list it as a feature instead of a bug"" #gigeconom‚Ä¶",2019-12-11 21:54:19
DTongSports,"Denver, CO WorldWide","18,800+ Completed Orders on Fiverr!

Check out my gigs at: https://t.co/kjw1ssumR1

#fiverr #entrepreneur‚Ä¶ https://t.co/La2eXaH5hB",2019-12-11 21:51:29
eraser,Sevilla,An insight into the future of blockchain data technology. #Infographic #Infograf√≠a https://t.co/WEBphyOuT0‚Ä¶ https://t.co/AeL5FAfWe3,2019-12-11 21:40:03
HealthPolicyPal,"Philadelphia, PA",RT @CassidyFish2: When a 64-yo #prostate cancer patient delays treatment so he can complete job training while driving in #GigEconomy....‚Äùs‚Ä¶,2019-12-11 21:36:21
GallagherandCo1,"Charlotte, NC",There is a new generation taking over the talent economy and changing the game; and it's no it's not the millennial‚Ä¶ https://t.co/x5DxCZKzDf,2019-12-11 21:29:05
KCLSustainable,London,"RT @onnamalou: Economic #Growth or #Degrowth?

Read my latest blog on #SDG8 in which I:

üìà Dive into how economic growth violates other goa‚Ä¶",2019-12-11 21:11:37
mvollmer1,"Munich, Bavaria","RT @HaroldSinnott: 25 jobs emerging in the #futureofwork
@wef via @MikeQuindazzi #4IR #Industry40 #AI #Robotics #Autonomous #Automation #Gi‚Ä¶",2019-12-11 21:11:23
BackwoodNash,snap: im_bnash,"RT @HaroldSinnott: 25 jobs emerging in the #futureofwork
@wef via @MikeQuindazzi #4IR #Industry40 #AI #Robotics #Autonomous #Automation #Gi‚Ä¶",2019-12-11 21:06:56
AnnaMamalaki,San Francisco-Bay ,"RT @HaroldSinnott: 25 jobs emerging in the #futureofwork
@wef via @MikeQuindazzi #4IR #Industry40 #AI #Robotics #Autonomous #Automation #Gi‚Ä¶",2019-12-11 21:06:01
alberto11235813,,"RT @HaroldSinnott: 25 jobs emerging in the #futureofwork
@wef via @MikeQuindazzi #4IR #Industry40 #AI #Robotics #Autonomous #Automation #Gi‚Ä¶",2019-12-11 21:04:04
PennMedNews,"Philadelphia, PA",RT @CassidyFish2: When a 64-yo #prostate cancer patient delays treatment so he can complete job training while driving in #GigEconomy....‚Äùs‚Ä¶,2019-12-11 21:02:30
brianmecinas,"Tempe, AZ","RT @AnitaMalik: Such incredible energy around growth for our #Phoenix biz ecosystem yesterday. 

Honored to speak at @GlobalChamPHX's Innov‚Ä¶",2019-12-11 21:01:43
MediaLSE,"London, England","RT @srujana_katta: @Clarabel_H, @geoplace and I wrote a blog for @MediaLSE about parties' plans to support the 3 million gig workers in the‚Ä¶",2019-12-11 20:55:56
robertascandro1,,RT @HRCurator: RT @DVPRMND  @kar_saswat  @hrtodayghana35  @ebcrew00   Thx4RT fr @HRCurator: The Evolving Role Of #HR In A #GigEconomy https‚Ä¶,2019-12-11 20:54:54
BsparklyMagical,"Arizona, USA","RT @AnitaMalik: Such incredible energy around growth for our #Phoenix biz ecosystem yesterday. 

Honored to speak at @GlobalChamPHX's Innov‚Ä¶",2019-12-11 20:54:38
AnitaMalik,Everywhere,"Such incredible energy around growth for our #Phoenix biz ecosystem yesterday. 

Honored to speak at @GlobalChamPHX‚Ä¶ https://t.co/u8ZJgMh1nv",2019-12-11 20:53:46
ebcrew00,Knokke-Heist   Belgium,RT @HRCurator: RT @DVPRMND  @kar_saswat  @hrtodayghana35  @ebcrew00   Thx4RT fr @HRCurator: The Evolving Role Of #HR In A #GigEconomy https‚Ä¶,2019-12-11 20:50:17
thegreeknyc,NYC ‚úàÔ∏è Miami,"So many ways to make money üìà
#gigeconomy",2019-12-11 20:47:15
fiftieswoman1,,"@Fiken49 @UKLabour @FGGLabour @RossSHouston Song lyrics by the Manics
""if we tolerate this then our children will b‚Ä¶ https://t.co/SXQE4cexvd",2019-12-11 20:41:12
hrtodayghana35,,RT @HRCurator: RT @DVPRMND  @kar_saswat  @hrtodayghana35  @ebcrew00   Thx4RT fr @HRCurator: The Evolving Role Of #HR In A #GigEconomy https‚Ä¶,2019-12-11 20:38:24
JamesJava,#LongIsland NY,RT @TamaraMcCleary: The End of the World As We Know It https://t.co/Ui8R7LgPGq by @TamaraMcCleary via @DellTech with insights from @guzmand‚Ä¶,2019-12-11 20:38:01
AgileOneGSS,"Torrance, CA","RT @AgileOneGlobal: The #gigeconomy is taking over the world, and in the United States alone there are more than 16 m contingent workers. Y‚Ä¶",2019-12-11 20:35:19
HRCurator,"St Albans, UK",RT @DVPRMND  @kar_saswat  @hrtodayghana35  @ebcrew00   Thx4RT fr @HRCurator: The Evolving Role Of #HR In A‚Ä¶ https://t.co/a6f1P7i6Zi,2019-12-11 20:30:00
SupplyChain2030,,"RT @HaroldSinnott: 25 jobs emerging in the #futureofwork
@wef via @MikeQuindazzi #4IR #Industry40 #AI #Robotics #Autonomous #Automation #Gi‚Ä¶",2019-12-11 20:27:16
Mycrojobs,"M√ºnster, Deutschland","üí• Staking and rewarding üí•

Read more about it on our blog:

https://t.co/40SlQu6Pwb

#blockchain #mycro‚Ä¶ https://t.co/SMcWEj7Jrk",2019-12-11 20:01:56
RichardHolober,California,Workers in the 21st century #sharecropping economy are organizing for fair treatment and living wages. #GigEconomy https://t.co/2Dk64AaWC6,2019-12-11 19:37:51
lyftdashuber,"California, USA",Doordash STILL SCAMMING Drivers? https://t.co/rkAzTqID1y via @YouTube #DoordashDriver #Doordash #DoordashDelivery‚Ä¶ https://t.co/kEsfFedQFh,2019-12-11 19:28:47
edudada,Sevilla ciberespacial,RT @eraser: Blockchain Might Remake Accounting‚Ää‚Äî‚ÄäTom Hood Discusses Big Data &amp; Blockchain Technology @tomhood Business Learning Institute @‚Ä¶,2019-12-11 19:24:54
eraser,Sevilla,AROUND THE BLOCK | #Video Blockchain. Alberto Gomez @gotoalberto @Bankia https://t.co/NbmwpCOOIT #blockchain‚Ä¶ https://t.co/pLZWKR3rR9,2019-12-11 19:20:04
LampsatLocalz,"London, UK","If you want to talk about how you drive experience and leverage the #GigEconomy through #Uberisation, let me know - @localz can help!",2019-12-11 19:14:24
minjiecai,"London, England",RT @BAM_HRM: All we want this Christmas is an extended deadline! So... one more week: ) Submit an abstract by 5pm GMT 18th December for @ba‚Ä¶,2019-12-11 19:10:53
DuckTalesW00H00,,"RT @DuckTalesW00H00: Uber Office Had Separate Bathrooms for Drivers and ‚ÄòEmployees‚Äô: ""This was a mistake and we regret it,"" Uber said.

#Ub‚Ä¶",2019-12-11 19:03:45
ganghutmedia,The global platform economy,"RT @MarketplaceRisk: In this week's blog, our founder @GottschalkJ discusses his approach to risk management for #marketplaces. This read i‚Ä¶",2019-12-11 19:03:44
gignowglobal,,"Ready to get a jump on your talent challenges? 

#GigNow supports #Veterans everyday, not just on #VeteransDay. Ins‚Ä¶ https://t.co/9iEuMNXuH6",2019-12-11 18:57:02
S_OBrady,"Ithaca, NY",RT @BAM_HRM: All we want this Christmas is an extended deadline! So... one more week: ) Submit an abstract by 5pm GMT 18th December for @ba‚Ä¶,2019-12-11 18:50:59
geoplace,"listening to something, somewhere...","RT @srujana_katta: @Clarabel_H, @geoplace and I wrote a blog for @MediaLSE about parties' plans to support the 3 million gig workers in the‚Ä¶",2019-12-11 18:50:57
hodderandy,"Birmingham, England",RT @BAM_HRM: All we want this Christmas is an extended deadline! So... one more week: ) Submit an abstract by 5pm GMT 18th December for @ba‚Ä¶,2019-12-11 18:49:42
RandstadUSJobs,"Atlanta, GA",RT @RandstadUSA: How to adapt to the #gigeconomy via @PeopleMatters2 https://t.co/YZFOTIKmik,2019-12-11 18:45:05
BAM_HRM,"London, England",All we want this Christmas is an extended deadline! So... one more week: ) Submit an abstract by 5pm GMT 18th Decem‚Ä¶ https://t.co/b2tahDki83,2019-12-11 18:40:35
NormandyIns,Florida,Will your client be responsible if anything happens to an independent contractor on the job?‚Ä¶ https://t.co/DyypYPZ8cg,2019-12-11 18:39:47
NCCN,"Plymouth Meeting, PA",RT @CassidyFish2: When a 64-yo #prostate cancer patient delays treatment so he can complete job training while driving in #GigEconomy....‚Äùs‚Ä¶,2019-12-11 18:34:22
TNovitz,,RT @huw_dt: Issue 10 of @futures_of_work is now live! Give the politics a rest and enjoy some quality articles on #foodwork #employment #gi‚Ä¶,2019-12-11 18:33:36
CassidyFish2,New Jersey,When a 64-yo #prostate cancer patient delays treatment so he can complete job training while driving in #GigEconomy‚Ä¶ https://t.co/ezMoMO0Cdc,2019-12-11 18:32:02
Clarabel_H,"Wellington City, New Zealand","RT @srujana_katta: @Clarabel_H, @geoplace and I wrote a blog for @MediaLSE about parties' plans to support the 3 million gig workers in the‚Ä¶",2019-12-11 18:31:23
meyoumusicboy,"Atlanta, GA","RT @HaroldSinnott: 25 jobs emerging in the #futureofwork
@wef via @MikeQuindazzi #4IR #Industry40 #AI #Robotics #Autonomous #Automation #Gi‚Ä¶",2019-12-11 18:31:23
SinCityNewsTime,,"RT @HaroldSinnott: 25 jobs emerging in the #futureofwork
@wef via @MikeQuindazzi #4IR #Industry40 #AI #Robotics #Autonomous #Automation #Gi‚Ä¶",2019-12-11 18:30:34
gomedici,"New York, Bangalore, Singapore","An Underserved Segment Neobanks Are Eyeing: The Gig Economy  

https://t.co/VdQuFIbU9M

#Neobank #GigEconomy https://t.co/pxwGs9LFnd",2019-12-11 18:30:17
yourXss,,RT @GeekmomK: So to every #freelancer out there - or #GigEconomy worker - always keep in mind that you are basically running multiple depar‚Ä¶,2019-12-11 18:30:00
SmuvDj,"Druid Hills, GA","RT @HaroldSinnott: 25 jobs emerging in the #futureofwork
@wef via @MikeQuindazzi #4IR #Industry40 #AI #Robotics #Autonomous #Automation #Gi‚Ä¶",2019-12-11 18:29:42
sheilagivens4,"Boise, ID","RT @HaroldSinnott: 25 jobs emerging in the #futureofwork
@wef via @MikeQuindazzi #4IR #Industry40 #AI #Robotics #Autonomous #Automation #Gi‚Ä¶",2019-12-11 18:28:47
ManifestMusicNC,"Charlotte, NC","RT @HaroldSinnott: 25 jobs emerging in the #futureofwork
@wef via @MikeQuindazzi #4IR #Industry40 #AI #Robotics #Autonomous #Automation #Gi‚Ä¶",2019-12-11 18:28:06
GeekmomK,"Hogwarts, Always",So to every #freelancer out there - or #GigEconomy worker - always keep in mind that you are basically running mult‚Ä¶ https://t.co/qTD5Ibdapq,2019-12-11 18:25:35
UnlockBiz,"Arlington, TX","RT @HaroldSinnott: 25 jobs emerging in the #futureofwork
@wef via @MikeQuindazzi #4IR #Industry40 #AI #Robotics #Autonomous #Automation #Gi‚Ä¶",2019-12-11 18:23:29
OceanMalandra,"Bogota, Colombia",I wrote this one for you @LorenaSGonzalez #AB5 #gigeconomy #dontf*ckwithfreelancewriters https://t.co/ZEndYoEoYB,2019-12-11 18:14:48
darioandriani,Reggio nell'Emilia (Italy),"RT @HaroldSinnott: 25 jobs emerging in the #futureofwork
@wef via @MikeQuindazzi #4IR #Industry40 #AI #Robotics #Autonomous #Automation #Gi‚Ä¶",2019-12-11 18:12:13
HLHGreen,"Jacksonville, Fla.",RT @RandstadUSA: How to adapt to the #gigeconomy via @PeopleMatters2 https://t.co/JWYy28Tvs5,2019-12-11 18:10:51
TAYMOBTOPDOG,pittsburgh,"RT @HaroldSinnott: 25 jobs emerging in the #futureofwork
@wef via @MikeQuindazzi #4IR #Industry40 #AI #Robotics #Autonomous #Automation #Gi‚Ä¶",2019-12-11 18:09:39
VivekGhosal,"Austin, Texas, United States ","RT @HaroldSinnott: 25 jobs emerging in the #futureofwork
@wef via @MikeQuindazzi #4IR #Industry40 #AI #Robotics #Autonomous #Automation #Gi‚Ä¶",2019-12-11 18:08:26
JesiRok,"Dallas,Tx","RT @HaroldSinnott: 25 jobs emerging in the #futureofwork
@wef via @MikeQuindazzi #4IR #Industry40 #AI #Robotics #Autonomous #Automation #Gi‚Ä¶",2019-12-11 18:06:14
thereallilReef,"Alcoa, TN","RT @HaroldSinnott: 25 jobs emerging in the #futureofwork
@wef via @MikeQuindazzi #4IR #Industry40 #AI #Robotics #Autonomous #Automation #Gi‚Ä¶",2019-12-11 18:06:00
mgizzle,"Brooklyn, NYC","RT @HaroldSinnott: 25 jobs emerging in the #futureofwork
@wef via @MikeQuindazzi #4IR #Industry40 #AI #Robotics #Autonomous #Automation #Gi‚Ä¶",2019-12-11 18:05:52
Majorexxt,,"RT @HaroldSinnott: 25 jobs emerging in the #futureofwork
@wef via @MikeQuindazzi #4IR #Industry40 #AI #Robotics #Autonomous #Automation #Gi‚Ä¶",2019-12-11 18:05:44
lil_David_HF,"Alabama, USA","RT @HaroldSinnott: 25 jobs emerging in the #futureofwork
@wef via @MikeQuindazzi #4IR #Industry40 #AI #Robotics #Autonomous #Automation #Gi‚Ä¶",2019-12-11 18:05:06
AllmightyVon_,"Houston, TX","RT @HaroldSinnott: 25 jobs emerging in the #futureofwork
@wef via @MikeQuindazzi #4IR #Industry40 #AI #Robotics #Autonomous #Automation #Gi‚Ä¶",2019-12-11 18:05:03
LilDukieMe,youtube.com/LilDuKie ,"RT @HaroldSinnott: 25 jobs emerging in the #futureofwork
@wef via @MikeQuindazzi #4IR #Industry40 #AI #Robotics #Autonomous #Automation #Gi‚Ä¶",2019-12-11 18:03:43
NEXT_robotics,,"RT @HaroldSinnott: 25 jobs emerging in the #futureofwork
@wef via @MikeQuindazzi #4IR #Industry40 #AI #Robotics #Autonomous #Automation #Gi‚Ä¶",2019-12-11 18:03:04
TheKartel_DKK,,"RT @HaroldSinnott: 25 jobs emerging in the #futureofwork
@wef via @MikeQuindazzi #4IR #Industry40 #AI #Robotics #Autonomous #Automation #Gi‚Ä¶",2019-12-11 18:02:55
HankFrost4,"Baton Rouge, LA","RT @HaroldSinnott: 25 jobs emerging in the #futureofwork
@wef via @MikeQuindazzi #4IR #Industry40 #AI #Robotics #Autonomous #Automation #Gi‚Ä¶",2019-12-11 18:02:03
808TRILL,"Montgomery, AL","RT @HaroldSinnott: 25 jobs emerging in the #futureofwork
@wef via @MikeQuindazzi #4IR #Industry40 #AI #Robotics #Autonomous #Automation #Gi‚Ä¶",2019-12-11 18:01:56
JP_ITJax,,RT @RandstadUSA: How to adapt to the #gigeconomy via @PeopleMatters2 https://t.co/JWYy28Tvs5,2019-12-11 18:01:51
TribeWorksHQ,United States,"#NewYork takes aim at the #GigEconomy. How will things shake out for legit #freelancers? 

#GigWork #Freelance‚Ä¶ https://t.co/KyN8iOPKdY",2019-12-11 18:01:46
HaroldSinnott,"Miami, FL","25 jobs emerging in the #futureofwork
@wef via @MikeQuindazzi #4IR #Industry40 #AI #Robotics #Autonomous‚Ä¶ https://t.co/DfEXzu96k0",2019-12-11 18:00:07
AJRavenelleNYC,"New York, NY",RT @huw_dt: Issue 10 of @futures_of_work is now live! Give the politics a rest and enjoy some quality articles on #foodwork #employment #gi‚Ä¶,2019-12-11 17:59:24
profdavidevans,"Bristol & Ancoats, MCR",RT @huw_dt: Issue 10 of @futures_of_work is now live! Give the politics a rest and enjoy some quality articles on #foodwork #employment #gi‚Ä¶,2019-12-11 17:57:22
srujana_katta,"Oxford, England","@Clarabel_H, @geoplace and I wrote a blog for @MediaLSE about parties' plans to support the 3 million gig workers i‚Ä¶ https://t.co/0uTHIQMd9C",2019-12-11 17:50:53
HELENOS49703517,California,RT @marionmcgovern: too bad legislators don‚Äôt really understand the diverse nature of the independent worforce ...its not just on-demand dr‚Ä¶,2019-12-11 17:49:19
GeorgeElfond,"San Francisco, CA","Turning gig economy challenges into #DirectSelling opportunities.

https://t.co/617ms2jQuA

#gigeconomy‚Ä¶ https://t.co/cpOTVMQL45",2019-12-11 17:39:51
marionmcgovern,San Francisco,Politics and the #GigEconomy https://t.co/MQ9V4xBHU6,2019-12-11 17:34:31
cmjoethompson,Canada,Is your #manufacturing business ready for the gig economy? #gigeconomy  https://t.co/zs0cxpkbJQ,2019-12-11 17:32:58
EIG_Law,"Arlington, VA + San Francisco, CA + 100+ Cities Around the World",What does the #gigeconomy mean for #immigration? We talked about that in the most recent @ImmNerds podcast. Listen‚Ä¶ https://t.co/5BTnE41FbV,2019-12-11 17:32:23
UTSAnoNIna,Zeviya-Caracas- ...,RT @eraser: How Blockchain and Artificial Intelligence are Transforming Industries. Rahul Rumalla. CTO Founder Paperchain  https://t.co/eVT‚Ä¶,2019-12-11 17:30:44
Future_Crowd,"London, England",RT @SwishdUK: #WisdomWednesday Crafts that Make Money ‚Äì 40 HOT #crafts to sell (2020) https://t.co/kxMRn1D1tw Easy things to make and sell‚Ä¶,2019-12-11 17:25:22
DiegoTremolizzo,Accenture Milan,"RT @LinCoTalent: LinCo is hiring a Senior Consultant ICT - Piattaforma Freelance in Italy
#startup #innovazione #gigeconomy #freelance #fre‚Ä¶",2019-12-11 17:21:36
DiegoTremolizzo,Accenture Milan,"RT @LinCoTalent: LinCo is hiring a Senior Consultant Management Consulting - Piattaforma Freelance in Italy 
#startup #innovazione #gigecon‚Ä¶",2019-12-11 17:21:29
LinCoTalent,Italy,"LinCo is hiring a Senior Consultant ICT - Piattaforma Freelance in Italy
#startup #innovazione #gigeconomy‚Ä¶ https://t.co/HgwNMBJK6I",2019-12-11 17:20:53
LinCoTalent,Italy,"LinCo is hiring a Senior Consultant Management Consulting - Piattaforma Freelance in Italy 
#startup #innovazione‚Ä¶ https://t.co/ZioWOI6UTo",2019-12-11 17:20:45
snaprecruit,"Dallas, TX","RT @AndySpence: The infrastructure of how we find work and workers needs to be significantly upgraded from where we are today 

#Blockchain‚Ä¶",2019-12-11 17:14:27
S1y,United Kingdom,"RT @AndySpence: The infrastructure of how we find work and workers needs to be significantly upgraded from where we are today 

#Blockchain‚Ä¶",2019-12-11 17:10:56
GottschalkJ,"Chicago, Illinois","RT @MarketplaceRisk: In this week's blog, our founder @GottschalkJ discusses his approach to risk management for #marketplaces. This read i‚Ä¶",2019-12-11 17:06:21
workforimpact,,"Freelancers are a useful resource for any growing business. So, when is it a good time to hire freelancers? ü§î

Here‚Ä¶ https://t.co/9jgTXAJOge",2019-12-11 17:01:05
RandstadUSA,United States,How to adapt to the #gigeconomy via @PeopleMatters2 https://t.co/JWYy28Tvs5,2019-12-11 17:00:16
uberbaldy,D.C.,"RT @VoidCatGaming: ""the gig economy"" ie ""we know you need three jobs to survive but we'll list it as a feature instead of a bug"" #gigeconom‚Ä¶",2019-12-11 16:57:58
appii_io,United Kingdom,"RT @AndySpence: The infrastructure of how we find work and workers needs to be significantly upgraded from where we are today 

#Blockchain‚Ä¶",2019-12-11 16:51:11
pursueliberty,All about Freedom,"RT @KQEDarts: California's #AB5 initially set out to protect contractors working in the #GigEconomy, offering:

üå° Sick leave
üí∞Overtime pay‚Ä¶",2019-12-11 16:44:22
H_J1966,Nederland,"RT @equaltimes: OPINION by @e_magaldi | We need new tools to tackle precarious employment 

‚û°Ô∏èhttps://t.co/Y74HZenGUb 

#GigEconomy #Future‚Ä¶",2019-12-11 16:43:09
hanshupkes,the Netherlands,"RT @equaltimes: OPINION by @e_magaldi | We need new tools to tackle precarious employment 

‚û°Ô∏èhttps://t.co/Y74HZenGUb 

#GigEconomy #Future‚Ä¶",2019-12-11 16:41:50
ashahawkesworth,United States,"The #gigeconomy is really just exploitation and theft. #StealingFromWorkers #serfdom #capitalism 

https://t.co/8Tsi9AIA81",2019-12-11 16:35:28
sameepa,"Manhattan, New York","Not pay but CONTROL that seems to irk #gigeconomy workers

""companies exert as much control over their behavior as‚Ä¶ https://t.co/N6LN4gZFrd",2019-12-11 16:31:22
teamcoworker,,‚ÄúIt shouldn‚Äôt be that cheap to have somebody do the labor of all of your grocery shopping and delivery for less tha‚Ä¶ https://t.co/NkZGFcLedv,2019-12-11 16:30:11
StephHughes95,"Toronto, Ontario","RT @StephHughes95: Looking for sources for a #gigeconomy article: are you a millennial who does gig work (ride share, food delivery, freela‚Ä¶",2019-12-11 16:26:39
MarketplaceRisk,"San Francisco, CA","In this week's blog, our founder @GottschalkJ discusses his approach to risk management for #marketplaces. This rea‚Ä¶ https://t.co/s0BKDC1H42",2019-12-11 16:21:44
simon_ball46,"Luton, England",@PeterCoborn @sedgleysue @Telegraph but do you know why they are so keen on #Diversity peter?‚Ä¶ https://t.co/8Fkd9fMDCM,2019-12-11 16:19:06
AndySpence,"Brighton, England",The infrastructure of how we find work and workers needs to be significantly upgraded from where we are today‚Ä¶ https://t.co/tpBjrsclPG,2019-12-11 16:15:03
quamzibo,"Brooklyn, NY",@SamRo New meaning to starvation wages #gigeconomy,2019-12-11 16:11:07
PerceptStudio,,"RT @VoidCatGaming: ""the gig economy"" ie ""we know you need three jobs to survive but we'll list it as a feature instead of a bug"" #gigeconom‚Ä¶",2019-12-11 16:06:57
Jobbleapp,"Boston, MA",How can your company benefit from the freelance revolution? https://t.co/djDeerG6mn by @jonyounger via @forbes #gigeconomy #freelancer,2019-12-11 16:05:34
Spider_Gina,,"RT @TheGigLife4Me: The Gig Life interviews Photographer and Artist, @kevinmiyazaki  üì∏ üñåÔ∏è: https://t.co/9z2aifdsfh 
.
.
.
#art #photographye‚Ä¶",2019-12-11 16:05:27
TheGigLife4Me,"Kennesaw, GA","The Gig Life interviews Photographer and Artist, @kevinmiyazaki  üì∏ üñåÔ∏è: https://t.co/9z2aifdsfh 
.
.
.
#art‚Ä¶ https://t.co/NKkh8NBdjS",2019-12-11 16:05:04
Romain_Pro,Paris,"RT @equaltimes: OPINION by @e_magaldi | We need new tools to tackle precarious employment 

‚û°Ô∏èhttps://t.co/Y74HZenGUb 

#GigEconomy #Future‚Ä¶",2019-12-11 16:01:35
MovePlanGroup,Global,The rise of the #GigEconomy and #CoWorking spaces highlights the need for work-and-play child friendly working envi‚Ä¶ https://t.co/uaxVePVdTn,2019-12-11 16:01:19
LicenseToGig,South Eastern United States,"Accountability... As Independent  Contractors, Business Owners, Gig Workers... Whatever Label You Want To Put On It‚Ä¶ https://t.co/lMIuv9ovkC",2019-12-11 15:44:43
ryandueck,winnipeg,"RT @AJRavenelleNYC: Excited to be on @OnPointRadio with @LaurenKGurley and @CindySouthworth later today. 
@ucpress @UNCSociology @nyu_ipk #‚Ä¶",2019-12-11 15:37:16
MBOpartners,,"Better clients respect your work, value your expertise, and prioritize good communication. Learn how to find your i‚Ä¶ https://t.co/WZ6aDEoD7q",2019-12-11 15:34:17
OpenAssembly1,"Boulder, CO",The gig economy in #Canada is thriving: 40% of the people who are part of this economy are #millennials. About two‚Ä¶ https://t.co/SGxxTALQCR,2019-12-11 15:34:02
bloggersinusa,United States,RT @benjaminkwalker: Here are the top 11 tips for independent contractors to hold on to your valuable clients! #gigeconomy  https://t.co/zH‚Ä¶,2019-12-11 15:32:13
ituc,Global,"RT @equaltimes: OPINION by @e_magaldi | We need new tools to tackle precarious employment 

‚û°Ô∏èhttps://t.co/Y74HZenGUb 

#GigEconomy #Future‚Ä¶",2019-12-11 15:14:50
RallywareSF,"San Francisco, CA",Many direct selling companies don‚Äôt see the major challenges they face as transformation opportunities to reinvent‚Ä¶ https://t.co/1SoJCaQBaa,2019-12-11 15:01:29
onnamalou,,"Economic #Growth or #Degrowth?

Read my latest blog on #SDG8 in which I:

üìà Dive into how economic growth violates‚Ä¶ https://t.co/omGczMSr1n",2019-12-11 14:52:53
JeffSternberg,"Boston, MA",RT @huw_dt: Issue 10 of @futures_of_work is now live! Give the politics a rest and enjoy some quality articles on #foodwork #employment #gi‚Ä¶,2019-12-11 14:48:48
joost_walgemoed,"Amsterdam, The Netherlands",Gig economy opens a door for instant issuance https://t.co/1Ul96i3waN #gigeconomy #fintech,2019-12-11 14:48:00
bradnelsonops,"Dallas, Texas",RT @ReachXpert: Developing skills for future of jobs #futureofwork #gigeconomy @ReachXpert @wef https://t.co/ZJGiv2zsi6 https://t.co/Y4Pe20‚Ä¶,2019-12-11 14:45:14
WebObservatory,"Amherst, Massachusetts, USA","RT @re_sieber: The #gigeconomy was supposed to be ab worker control (hours, locations, etc.). All this jerking around by the techbros revea‚Ä¶",2019-12-11 14:42:44
mwconsulting,Worldwide,"Looking ahead to the 2020 legislative session in #Illinois, our team has an update on what to expect, including the‚Ä¶ https://t.co/lzqP40lawc",2019-12-11 14:41:46
AnitaBruzzese,Midwest,RT @benjaminkwalker: Here are the top 11 tips for independent contractors to hold on to your valuable clients! #gigeconomy  https://t.co/zH‚Ä¶,2019-12-11 14:35:17
sacreole,"Northern California, USA",The Many Unintended Consequences of AB 5 https://t.co/j9zLExui0z #A5 #gigeconomy #labor #CALeg,2019-12-11 14:32:28
BrandGrowthHack,Worldwide,RT @benjaminkwalker: Here are the top 11 tips for independent contractors to hold on to your valuable clients! #gigeconomy  https://t.co/zH‚Ä¶,2019-12-11 14:32:14
r7garry,United Kingdom,"@sajidjavid I won‚Äôt it done too, however I do have reservations about the Tory parties close alliance in facilitati‚Ä¶ https://t.co/a4N5NprKLG",2019-12-11 14:27:42
JayElDub,"Holland, MI","RT @United4ALICE: THIS! This is why #UnitedForALICE research looks at more than just #unemployment to measure the economy. Sadly, having a‚Ä¶",2019-12-11 14:17:35
adi_rtweets,¬£ | ‚Çπ | $,RT @huw_dt: Issue 10 of @futures_of_work is now live! Give the politics a rest and enjoy some quality articles on #foodwork #employment #gi‚Ä¶,2019-12-11 14:14:32
iamstartacus,United Kingdom,RT @SR_russell99: When you receive your first Client Satisfaction survey for Solv. We think this says it all ‚úÖ üôå #Ten #gamechanger #innovat‚Ä¶,2019-12-11 14:04:40
benjaminkwalker,"Denver, CO",Here are the top 11 tips for independent contractors to hold on to your valuable clients! #gigeconomy  https://t.co/zHuDuq34R2,2019-12-11 14:01:52
Feed_My_Pockets,"Bengaluru, India",Manpower agencies are not just helpful to the job candidates but also to the companies who are #hiring such candida‚Ä¶ https://t.co/YMVvfVeTAN,2019-12-11 13:56:11
AJRavenelleNYC,"New York, NY","Excited to be on @OnPointRadio with @LaurenKGurley and @CindySouthworth later today. 
@ucpress @UNCSociology‚Ä¶ https://t.co/Z8uwXqWyUM",2019-12-11 13:41:55
RyanRobr,"Adelaide, South Australia",RT @ArkRepublic: To #entrepreneurs who are working to finish the year strong and bring good cheer to their clients while providing for fami‚Ä¶,2019-12-11 13:39:57
ChefLeighAnn,NYC,RT @ArkRepublic: To #entrepreneurs who are working to finish the year strong and bring good cheer to their clients while providing for fami‚Ä¶,2019-12-11 13:37:40
TravisWVance,"SouthxSoutheast Gaston Co., NC","RT @AndrewHeatonFP: ""It‚Äôs only a matter of time before aggressive plaintiffs‚Äô attorneys find a viable avenue to hold companies liable for i‚Ä¶",2019-12-11 13:32:23
moonlyte_social,"Bengaluru South, India","Does this icon look weird to you? Can you find a flaw in it? Let us know in the comments section!
#SpotTheError‚Ä¶ https://t.co/MOvlFU5xcB",2019-12-11 13:30:01
EuEthnic,Citizen of The World,"Driven to the edge: life on the Christmas parcel delivery run.

#GE2019
#GMBUnion #VoteTactically #FBPE #gigeconomy‚Ä¶ https://t.co/hx9lgGbNg6",2019-12-11 13:28:45
thebigbogg,"Bristol, England",RT @huw_dt: Issue 10 of @futures_of_work is now live! Give the politics a rest and enjoy some quality articles on #foodwork #employment #gi‚Ä¶,2019-12-11 12:58:37
KatieBales2,Bristol/Newcastle,RT @huw_dt: Issue 10 of @futures_of_work is now live! Give the politics a rest and enjoy some quality articles on #foodwork #employment #gi‚Ä¶,2019-12-11 12:58:35
fiftieswoman1,,"@donsview @MoeyG51 #ToryLies even had a fake Web page to ply #FAKE_NEWS
#OneVoice
#ReclaimYourFuture‚Ä¶ https://t.co/wXh2MydXDw",2019-12-11 12:58:33
EconKilljoy,"Queens, NY",RT @huw_dt: Issue 10 of @futures_of_work is now live! Give the politics a rest and enjoy some quality articles on #foodwork #employment #gi‚Ä¶,2019-12-11 12:50:48
KellyLGregory,,RT @ArkRepublic: To #entrepreneurs who are working to finish the year strong and bring good cheer to their clients while providing for fami‚Ä¶,2019-12-11 12:48:32
BristolUP_Paul,,RT @huw_dt: Issue 10 of @futures_of_work is now live! Give the politics a rest and enjoy some quality articles on #foodwork #employment #gi‚Ä¶,2019-12-11 12:45:56
professorkim,"East Coast, US",RT @ArkRepublic: To #entrepreneurs who are working to finish the year strong and bring good cheer to their clients while providing for fami‚Ä¶,2019-12-11 12:41:44
bitraka,Sevilla,RT @eraser: BASE: Blockchain and Sharing Economy. Blockchain Commons. @JoSanKu Wehome @WeHomeMe https://t.co/2r7sOPJF29 #blockchain #sharin‚Ä¶,2019-12-11 12:40:43
GeraintHarvey,"Cardiff, Wales",RT @huw_dt: Issue 10 of @futures_of_work is now live! Give the politics a rest and enjoy some quality articles on #foodwork #employment #gi‚Ä¶,2019-12-11 12:34:37
edudada,Sevilla ciberespacial,RT @eraser: Blockchain Architecture to Higher Education Systems. Palanivel Kuppusamy https://t.co/S2YWRUvxhC  #blockchain #education #Highe‚Ä¶,2019-12-11 12:33:49
WIOMAX_MD,United States,RT @eraser: ‚ÄúSmart Cities: Investing in the Future‚Äù. London: The Economist Intelligence Unit e Invesco https://t.co/GchBdrNJkn  #digitalTra‚Ä¶,2019-12-11 12:32:54
ArkRepublic,"Newark, NJ",To #entrepreneurs who are working to finish the year strong and bring good cheer to their clients while providing f‚Ä¶ https://t.co/yH2873XM9i,2019-12-11 12:32:18
Social445,,"RT @Sonovate: We‚Äôre proud to announce a new milestone for Sonovate.

¬£1 billion of invoices funded! 

Take a look at the key numbers behind‚Ä¶",2019-12-11 12:27:59
Sonovate,UK,"We‚Äôre proud to announce a new milestone for Sonovate.

¬£1 billion of invoices funded! 

Take a look at the key numb‚Ä¶ https://t.co/0072eHCnPY",2019-12-11 12:25:48
zyoin_jobs,Bangalore,"How #upskilling can help you be an essential part of the 
#gigeconomy !! 
https://t.co/NRRq4mArzX https://t.co/gRz3Dx0Pxt",2019-12-11 12:25:05
huw_dt,Bristol,Issue 10 of @futures_of_work is now live! Give the politics a rest and enjoy some quality articles on #foodwork‚Ä¶ https://t.co/yAoW0z4eg6,2019-12-11 12:23:38
simon_ball46,"Luton, England","@RCharnockREC @RECPress @RECmembers https://t.co/SzSdwjhDZG
we'd be too #sloth too claim it anyway eh richard...
#gigeconomy",2019-12-11 12:12:30
ACheckGlobal,"California, United States","RT @AgileOneGlobal: The #gigeconomy is taking over the world, and in the United States alone there are more than 16 m contingent workers. Y‚Ä¶",2019-12-11 12:04:23
KevinMulcahy,"Boston, MA",HR has the potential to reinvent the #GigEconomy. #HR #TA https://t.co/vBpuRpr6iC,2019-12-11 12:00:37
happycabby1,All over the place,RT @r7garry: A big problem that the #gigeconomy encourages..! #cashinhand @DWP @Number10press https://t.co/KAaWmuaoxA,2019-12-11 12:00:21
FBSussex,"Horsham, Billingshurst and Crawley","Interesting piece, and something which was true of our business when Bede Freeman set up almost 165 years ago! Bede‚Ä¶ https://t.co/86SRIsSVuB",2019-12-11 11:53:59
r7garry,United Kingdom,A big problem that the #gigeconomy encourages..! #cashinhand @DWP @Number10press https://t.co/KAaWmuaoxA,2019-12-11 11:37:38
eraser,Sevilla,‚ÄúSmart Cities: Investing in the Future‚Äù. London: The Economist Intelligence Unit e Invesco https://t.co/GchBdrNJkn‚Ä¶ https://t.co/uBzcoJdY0L,2019-12-11 11:30:09
garycozin,New Jersey,GigNow is providing opportunities for military veterans and their families. Read more about it on our blog.‚Ä¶ https://t.co/1lVJrRqyMH,2019-12-11 11:24:59
MoniHawkins,The DMV,When there is an opportunity for #authenticleadership aligned in the #C-Suite this appears to be a voice.‚Ä¶ https://t.co/hhABEKw2rp,2019-12-11 11:21:45
maxaliu,Hong Kong,"The rapidly expanding #gigeconomy is redefining the #futureofwork, and the #payment sector must be ready to respond‚Ä¶ https://t.co/rX2QAX3ODm",2019-12-11 11:16:43
EMQInc,Asia,"The gig economy is growing rapidly in both emerging and developed economies, slowly changing the nature of work. Ge‚Ä¶ https://t.co/JfGoh2Q92P",2019-12-11 11:13:40
eilonwy,global citizen in Singapore,#NewZealand starts thinking how to manage the  #GigEconomy in terms of #policy #portability - I hope more‚Ä¶ https://t.co/nUJKnUlabN,2019-12-11 11:10:06
agami,"Melbourne, Australia",RT @Brainville_com: Hear hear and we agreeüßê@forteforskning The current definition of the #gigeconomy and who is (or isn't) a gigster today‚Ä¶,2019-12-11 11:06:57
Brainville_com,"Stockholm, Sverige",Hear hear and we agreeüßê@forteforskning The current definition of the #gigeconomy and who is (or isn't) a gigster to‚Ä¶ https://t.co/tCYatgATZK,2019-12-11 11:00:56
OUBEP,"Oxford, England","RT @ViliLe: Microworkers are more likely to also have a regular job compared to online (macro) freelancers who just focus on freelancing, a‚Ä¶",2019-12-11 10:31:43
agami,"Melbourne, Australia","RT @simon_ball46: @PennyMordaunt #Portsmouth doesn't need more #gigeconomy penny....
https://t.co/F9ZGDIg2Pf",2019-12-11 10:30:51
simon_ball46,"Luton, England","@PennyMordaunt #Portsmouth doesn't need more #gigeconomy penny....
https://t.co/F9ZGDIg2Pf",2019-12-11 10:29:31
UTSAnoNIna,Zeviya-Caracas- ...,RT @eraser: Blockchain Might Remake Accounting‚Ää‚Äî‚ÄäTom Hood Discusses Big Data &amp; Blockchain Technology @tomhood Business Learning Institute @‚Ä¶,2019-12-11 10:23:41
Do_Owczarek,"Warszawa, Polska","RT @DontGIGUp2: Uber violates #competition among transport companies and bypasses #labourlaw"" says @Do_Owczarek  from @ISPThinkTank  in con‚Ä¶",2019-12-11 10:20:57
bitiji,Zevilla ciberespaci√°,RT @eraser: Merging the Physical and the Digital using blockchains. Vinay Gupta @leashless ‚Äî Oslo Blockchain Day ‚Äî #Video https://t.co/gPRT‚Ä¶,2019-12-11 10:13:39
DeLaLiveUnited,Holland Michigan,"RT @United4ALICE: THIS! This is why #UnitedForALICE research looks at more than just #unemployment to measure the economy. Sadly, having a‚Ä¶",2019-12-11 10:10:34
agami,"Melbourne, Australia",RT @SwishdUK: #WisdomWednesday Crafts that Make Money ‚Äì 40 HOT #crafts to sell (2020) https://t.co/kxMRn1D1tw Easy things to make and sell‚Ä¶,2019-12-11 09:33:40
SwishdUK,"London, England",#WisdomWednesday Crafts that Make Money ‚Äì 40 HOT #crafts to sell (2020) https://t.co/kxMRn1D1tw Easy things to make‚Ä¶ https://t.co/ZrCEC7VRvY,2019-12-11 09:22:41
agami,"Melbourne, Australia","RT @aconnectEffect: Life Science organizations are under increasing pressure to increase #productivity and reduce waste.
Our experienced Li‚Ä¶",2019-12-11 09:08:44
SR_B_,,"RT @ViliLe: Microworkers are more likely to also have a regular job compared to online (macro) freelancers who just focus on freelancing, a‚Ä¶",2019-12-11 09:08:11
aconnectEffect,"Zurich, Switzerland","Life Science organizations are under increasing pressure to increase #productivity and reduce waste.
Our experience‚Ä¶ https://t.co/QL67AxRdzs",2019-12-11 09:01:03
agami,"Melbourne, Australia",RT @HRCurator: Burnout and the #GigEconomy: What Employers Need to Know https://t.co/Axj5WG089N via @_hrtechnologist #FutureofWork #wellbei‚Ä¶,2019-12-11 08:36:40
HRCurator,"St Albans, UK",Burnout and the #GigEconomy: What Employers Need to Know https://t.co/Axj5WG089N via @_hrtechnologist #FutureofWork #wellbeing #HR #HCM,2019-12-11 08:30:00
agami,"Melbourne, Australia",RT @girardmaxime33: RT MikeQuindazzi: 25 jobs emerging in the #futureofwork &gt;&gt;&gt; wef via MikeQuindazzi &gt;&gt;&gt; #4IR #Industry40 #AI #Robotics #A‚Ä¶,2019-12-11 08:27:48
OfficalYBPage," Indianapolis, IN 46229",RT @girardmaxime33: RT MikeQuindazzi: 25 jobs emerging in the #futureofwork &gt;&gt;&gt; wef via MikeQuindazzi &gt;&gt;&gt; #4IR #Industry40 #AI #Robotics #A‚Ä¶,2019-12-11 08:23:23
NEXT_robotics,,RT @girardmaxime33: RT MikeQuindazzi: 25 jobs emerging in the #futureofwork &gt;&gt;&gt; wef via MikeQuindazzi &gt;&gt;&gt; #4IR #Industry40 #AI #Robotics #A‚Ä¶,2019-12-11 08:23:04
magiiicuno,"Tidal County, Knoxville, TN",RT @girardmaxime33: RT MikeQuindazzi: 25 jobs emerging in the #futureofwork &gt;&gt;&gt; wef via MikeQuindazzi &gt;&gt;&gt; #4IR #Industry40 #AI #Robotics #A‚Ä¶,2019-12-11 08:22:14
808TRILL,"Montgomery, AL",RT @girardmaxime33: RT MikeQuindazzi: 25 jobs emerging in the #futureofwork &gt;&gt;&gt; wef via MikeQuindazzi &gt;&gt;&gt; #4IR #Industry40 #AI #Robotics #A‚Ä¶,2019-12-11 08:22:01
meyoumusicboy,"Atlanta, GA",RT @girardmaxime33: RT MikeQuindazzi: 25 jobs emerging in the #futureofwork &gt;&gt;&gt; wef via MikeQuindazzi &gt;&gt;&gt; #4IR #Industry40 #AI #Robotics #A‚Ä¶,2019-12-11 08:21:23
GeraldHunley,"Philadelphia, PA",RT @girardmaxime33: RT MikeQuindazzi: 25 jobs emerging in the #futureofwork &gt;&gt;&gt; wef via MikeQuindazzi &gt;&gt;&gt; #4IR #Industry40 #AI #Robotics #A‚Ä¶,2019-12-11 08:21:18
IhmradioM,"Cleveland, OH",RT @girardmaxime33: RT MikeQuindazzi: 25 jobs emerging in the #futureofwork &gt;&gt;&gt; wef via MikeQuindazzi &gt;&gt;&gt; #4IR #Industry40 #AI #Robotics #A‚Ä¶,2019-12-11 08:19:52
TAYMOBTOPDOG,pittsburgh,RT @girardmaxime33: RT MikeQuindazzi: 25 jobs emerging in the #futureofwork &gt;&gt;&gt; wef via MikeQuindazzi &gt;&gt;&gt; #4IR #Industry40 #AI #Robotics #A‚Ä¶,2019-12-11 08:19:30
BackwoodNash,snap: im_bnash,RT @girardmaxime33: RT MikeQuindazzi: 25 jobs emerging in the #futureofwork &gt;&gt;&gt; wef via MikeQuindazzi &gt;&gt;&gt; #4IR #Industry40 #AI #Robotics #A‚Ä¶,2019-12-11 08:16:42
JesiRok,"Dallas,Tx",RT @girardmaxime33: RT MikeQuindazzi: 25 jobs emerging in the #futureofwork &gt;&gt;&gt; wef via MikeQuindazzi &gt;&gt;&gt; #4IR #Industry40 #AI #Robotics #A‚Ä¶,2019-12-11 08:16:14
thereallilReef,"Alcoa, TN",RT @girardmaxime33: RT MikeQuindazzi: 25 jobs emerging in the #futureofwork &gt;&gt;&gt; wef via MikeQuindazzi &gt;&gt;&gt; #4IR #Industry40 #AI #Robotics #A‚Ä¶,2019-12-11 08:15:59
Majorexxt,,RT @THEAdamGabriel: #RT @MikeQuindazzi: RT @MikeQuindazzi: 25 jobs emerging in the #futureofwork &gt;&gt;&gt; @wef via @MikeQuindazzi &gt;&gt;&gt; #4IR #Indu‚Ä¶,2019-12-11 08:15:49
Majorexxt,,RT @girardmaxime33: RT MikeQuindazzi: 25 jobs emerging in the #futureofwork &gt;&gt;&gt; wef via MikeQuindazzi &gt;&gt;&gt; #4IR #Industry40 #AI #Robotics #A‚Ä¶,2019-12-11 08:15:44
JUS_JayGee,The Hills of Paradise 619 ,RT @girardmaxime33: RT MikeQuindazzi: 25 jobs emerging in the #futureofwork &gt;&gt;&gt; wef via MikeQuindazzi &gt;&gt;&gt; #4IR #Industry40 #AI #Robotics #A‚Ä¶,2019-12-11 08:15:35
JUS_JayGee,The Hills of Paradise 619 ,RT @THEAdamGabriel: #RT @MikeQuindazzi: RT @MikeQuindazzi: 25 jobs emerging in the #futureofwork &gt;&gt;&gt; @wef via @MikeQuindazzi &gt;&gt;&gt; #4IR #Indu‚Ä¶,2019-12-11 08:15:29
AllmightyVon_,"Houston, TX",RT @THEAdamGabriel: #RT @MikeQuindazzi: RT @MikeQuindazzi: 25 jobs emerging in the #futureofwork &gt;&gt;&gt; @wef via @MikeQuindazzi &gt;&gt;&gt; #4IR #Indu‚Ä¶,2019-12-11 08:15:10
AllmightyVon_,"Houston, TX",RT @girardmaxime33: RT MikeQuindazzi: 25 jobs emerging in the #futureofwork &gt;&gt;&gt; wef via MikeQuindazzi &gt;&gt;&gt; #4IR #Industry40 #AI #Robotics #A‚Ä¶,2019-12-11 08:15:04
Kiilla3sUp,"Cleveland, OH",RT @girardmaxime33: RT MikeQuindazzi: 25 jobs emerging in the #futureofwork &gt;&gt;&gt; wef via MikeQuindazzi &gt;&gt;&gt; #4IR #Industry40 #AI #Robotics #A‚Ä¶,2019-12-11 08:14:10
Kiilla3sUp,"Cleveland, OH",RT @THEAdamGabriel: #RT @MikeQuindazzi: RT @MikeQuindazzi: 25 jobs emerging in the #futureofwork &gt;&gt;&gt; @wef via @MikeQuindazzi &gt;&gt;&gt; #4IR #Indu‚Ä¶,2019-12-11 08:13:59
LilDukieMe,youtube.com/LilDuKie ,RT @THEAdamGabriel: #RT @MikeQuindazzi: RT @MikeQuindazzi: 25 jobs emerging in the #futureofwork &gt;&gt;&gt; @wef via @MikeQuindazzi &gt;&gt;&gt; #4IR #Indu‚Ä¶,2019-12-11 08:13:56
deletedthisbihh,,RT @THEAdamGabriel: #RT @MikeQuindazzi: RT @MikeQuindazzi: 25 jobs emerging in the #futureofwork &gt;&gt;&gt; @wef via @MikeQuindazzi &gt;&gt;&gt; #4IR #Indu‚Ä¶,2019-12-11 08:13:55
LilDukieMe,youtube.com/LilDuKie ,RT @girardmaxime33: RT MikeQuindazzi: 25 jobs emerging in the #futureofwork &gt;&gt;&gt; wef via MikeQuindazzi &gt;&gt;&gt; #4IR #Industry40 #AI #Robotics #A‚Ä¶,2019-12-11 08:13:50
deletedthisbihh,,RT @girardmaxime33: RT MikeQuindazzi: 25 jobs emerging in the #futureofwork &gt;&gt;&gt; wef via MikeQuindazzi &gt;&gt;&gt; #4IR #Industry40 #AI #Robotics #A‚Ä¶,2019-12-11 08:13:49
girardmaxime33,"Bordeaux, France",RT MikeQuindazzi: 25 jobs emerging in the #futureofwork &gt;&gt;&gt; wef via MikeQuindazzi &gt;&gt;&gt; #4IR #Industry40 #AI‚Ä¶ https://t.co/u7uNLv7pxx,2019-12-11 08:13:24
OfficalYBPage," Indianapolis, IN 46229",RT @THEAdamGabriel: #RT @MikeQuindazzi: RT @MikeQuindazzi: 25 jobs emerging in the #futureofwork &gt;&gt;&gt; @wef via @MikeQuindazzi &gt;&gt;&gt; #4IR #Indu‚Ä¶,2019-12-11 08:13:23
NEXT_robotics,,RT @THEAdamGabriel: #RT @MikeQuindazzi: RT @MikeQuindazzi: 25 jobs emerging in the #futureofwork &gt;&gt;&gt; @wef via @MikeQuindazzi &gt;&gt;&gt; #4IR #Indu‚Ä¶,2019-12-11 08:13:04
TheKartel_DKK,,RT @THEAdamGabriel: #RT @MikeQuindazzi: RT @MikeQuindazzi: 25 jobs emerging in the #futureofwork &gt;&gt;&gt; @wef via @MikeQuindazzi &gt;&gt;&gt; #4IR #Indu‚Ä¶,2019-12-11 08:12:55
UTSAnoNIna,Zeviya-Caracas- ...,RT @eraser: Picking the Right Blockchain for the Job. Andreas M. Antonopoulos #Video @aantonop https://t.co/75SHQpFRzi  #blockchain #blockc‚Ä¶,2019-12-11 08:12:25
808TRILL,"Montgomery, AL",RT @THEAdamGabriel: #RT @MikeQuindazzi: RT @MikeQuindazzi: 25 jobs emerging in the #futureofwork &gt;&gt;&gt; @wef via @MikeQuindazzi &gt;&gt;&gt; #4IR #Indu‚Ä¶,2019-12-11 08:11:55
agami,"Melbourne, Australia",RT @THEAdamGabriel: #RT @MikeQuindazzi: RT @MikeQuindazzi: 25 jobs emerging in the #futureofwork &gt;&gt;&gt; @wef via @MikeQuindazzi &gt;&gt;&gt; #4IR #Indu‚Ä¶,2019-12-11 08:11:49
GeraldHunley,"Philadelphia, PA",RT @THEAdamGabriel: #RT @MikeQuindazzi: RT @MikeQuindazzi: 25 jobs emerging in the #futureofwork &gt;&gt;&gt; @wef via @MikeQuindazzi &gt;&gt;&gt; #4IR #Indu‚Ä¶,2019-12-11 08:11:12
HankFrost4,"Baton Rouge, LA",RT @THEAdamGabriel: #RT @MikeQuindazzi: RT @MikeQuindazzi: 25 jobs emerging in the #futureofwork &gt;&gt;&gt; @wef via @MikeQuindazzi &gt;&gt;&gt; #4IR #Indu‚Ä¶,2019-12-11 08:11:09
IhmradioM,"Cleveland, OH",RT @THEAdamGabriel: #RT @MikeQuindazzi: RT @MikeQuindazzi: 25 jobs emerging in the #futureofwork &gt;&gt;&gt; @wef via @MikeQuindazzi &gt;&gt;&gt; #4IR #Indu‚Ä¶,2019-12-11 08:09:52
SmuvDj,"Druid Hills, GA",RT @THEAdamGabriel: #RT @MikeQuindazzi: RT @MikeQuindazzi: 25 jobs emerging in the #futureofwork &gt;&gt;&gt; @wef via @MikeQuindazzi &gt;&gt;&gt; #4IR #Indu‚Ä¶,2019-12-11 08:09:36
TAYMOBTOPDOG,pittsburgh,RT @THEAdamGabriel: #RT @MikeQuindazzi: RT @MikeQuindazzi: 25 jobs emerging in the #futureofwork &gt;&gt;&gt; @wef via @MikeQuindazzi &gt;&gt;&gt; #4IR #Indu‚Ä¶,2019-12-11 08:09:31
sheilagivens4,"Boise, ID",RT @THEAdamGabriel: #RT @MikeQuindazzi: RT @MikeQuindazzi: 25 jobs emerging in the #futureofwork &gt;&gt;&gt; @wef via @MikeQuindazzi &gt;&gt;&gt; #4IR #Indu‚Ä¶,2019-12-11 08:08:48
ManifestMusicNC,"Charlotte, NC",RT @THEAdamGabriel: #RT @MikeQuindazzi: RT @MikeQuindazzi: 25 jobs emerging in the #futureofwork &gt;&gt;&gt; @wef via @MikeQuindazzi &gt;&gt;&gt; #4IR #Indu‚Ä¶,2019-12-11 08:07:56
BackwoodNash,snap: im_bnash,RT @THEAdamGabriel: #RT @MikeQuindazzi: RT @MikeQuindazzi: 25 jobs emerging in the #futureofwork &gt;&gt;&gt; @wef via @MikeQuindazzi &gt;&gt;&gt; #4IR #Indu‚Ä¶,2019-12-11 08:06:42
JesiRok,"Dallas,Tx",RT @THEAdamGabriel: #RT @MikeQuindazzi: RT @MikeQuindazzi: 25 jobs emerging in the #futureofwork &gt;&gt;&gt; @wef via @MikeQuindazzi &gt;&gt;&gt; #4IR #Indu‚Ä¶,2019-12-11 08:06:14
thereallilReef,"Alcoa, TN",RT @THEAdamGabriel: #RT @MikeQuindazzi: RT @MikeQuindazzi: 25 jobs emerging in the #futureofwork &gt;&gt;&gt; @wef via @MikeQuindazzi &gt;&gt;&gt; #4IR #Indu‚Ä¶,2019-12-11 08:06:04
mgizzle,"Brooklyn, NYC",RT @THEAdamGabriel: #RT @MikeQuindazzi: RT @MikeQuindazzi: 25 jobs emerging in the #futureofwork &gt;&gt;&gt; @wef via @MikeQuindazzi &gt;&gt;&gt; #4IR #Indu‚Ä¶,2019-12-11 08:05:55
lil_David_HF,"Alabama, USA",RT @THEAdamGabriel: #RT @MikeQuindazzi: RT @MikeQuindazzi: 25 jobs emerging in the #futureofwork &gt;&gt;&gt; @wef via @MikeQuindazzi &gt;&gt;&gt; #4IR #Indu‚Ä¶,2019-12-11 08:05:07
bahblack_,@freshdahfella,RT @THEAdamGabriel: #RT @MikeQuindazzi: RT @MikeQuindazzi: 25 jobs emerging in the #futureofwork &gt;&gt;&gt; @wef via @MikeQuindazzi &gt;&gt;&gt; #4IR #Indu‚Ä¶,2019-12-11 08:04:43
THEAdamGabriel,"Financial District, Manhattan",#RT @MikeQuindazzi: RT @MikeQuindazzi: 25 jobs emerging in the #futureofwork &gt;&gt;&gt; @wef via @MikeQuindazzi &gt;&gt;&gt; #4IR‚Ä¶ https://t.co/k8gjONsQnY,2019-12-11 08:04:14
bazarlocos2,,RT @eraser: Picking the Right Blockchain for the Job. Andreas M. Antonopoulos #Video @aantonop https://t.co/75SHQpFRzi  #blockchain #blockc‚Ä¶,2019-12-11 08:02:43
Mominleftfield,"ATLANTA, GA",The Rise Of The #GigEconomy. https://t.co/cFeaSaq4YZ  https://t.co/zItpvd61vw,2019-12-11 07:56:05
agami,"Melbourne, Australia",RT @Insolvency_Kent: #Debt warning as banks target the #gigeconomy https://t.co/gB5PMFuaCA @thisismoney https://t.co/UFjzRgkT3q,2019-12-11 07:54:44
Insolvency_Kent,"Maidstone, Kent, UK",#Debt warning as banks target the #gigeconomy https://t.co/gB5PMFuaCA @thisismoney https://t.co/UFjzRgkT3q,2019-12-11 07:40:01
Coin_hash,Cryptoheaven,RT @MikeQuindazzi: 25 jobs emerging in the #futureofwork &gt;&gt;&gt; @wef via @MikeQuindazzi &gt;&gt;&gt; #4IR #Industry40 #AI #Robotics #Autonomous #Automa‚Ä¶,2019-12-11 07:39:13
agami,"Melbourne, Australia",RT @SR_russell99: When you receive your first Client Satisfaction survey for Solv. We think this says it all ‚úÖ üôå #Ten #gamechanger #innovat‚Ä¶,2019-12-11 07:38:37
SR_russell99,United Kingdom,When you receive your first Client Satisfaction survey for Solv. We think this says it all ‚úÖ üôå #Ten #gamechanger‚Ä¶ https://t.co/ezw4uU7QNX,2019-12-11 07:38:15
marionmcgovern,San Francisco,too bad legislators don‚Äôt really understand the diverse nature of the independent worforce ...its not just on-deman‚Ä¶ https://t.co/cwFJDms7xK,2019-12-11 07:32:27
agami,"Melbourne, Australia","RT @GetAheadVA: You hear it all the time, but what exactly is the 'Gig Economy'? Find out in our blog: https://t.co/4597Rgfth7 #gigeconomy‚Ä¶",2019-12-11 07:11:48
cphtguildford,Surrey,"RT @GetAheadVA: You hear it all the time, but what exactly is the 'Gig Economy'? Find out in our blog: https://t.co/4597Rgfth7 #gigeconomy‚Ä¶",2019-12-11 07:03:44
MarcoTorreg,Brussels / Helsinki / London,"RT @ViliLe: COLLEEM II data also shows that online gig workers (eg graphic designers, virtual assistants) are spread around Europe, includi‚Ä¶",2019-12-11 07:03:13
GetAheadVA,"Guildford, England","You hear it all the time, but what exactly is the 'Gig Economy'? Find out in our blog: https://t.co/4597Rgfth7‚Ä¶ https://t.co/SnN0Npe1ma",2019-12-11 07:00:45
demeharrison,"Louisville, KY","RT @hackernoon: ""Hacking The Future of the Gig Economy"" by @nowsourcing https://t.co/HYU2uju4vq #gigeconomy #infographic",2019-12-11 06:55:41
agami,"Melbourne, Australia","RT @LicenseToGig: DoorDash Has a New Plan to Make Workers Gamble on How Much They'll Get Paid
Here we go again......  This paymodel drama h‚Ä¶",2019-12-11 06:54:40
LicenseToGig,South Eastern United States,"DoorDash Has a New Plan to Make Workers Gamble on How Much They'll Get Paid
Here we go again......  This paymodel d‚Ä¶ https://t.co/dKM4CpBfmw",2019-12-11 06:51:35
jmarinpu,Matar√≥/Maresme/Barcelona,RT @MikeQuindazzi: 25 jobs emerging in the #futureofwork &gt;&gt;&gt; @wef via @MikeQuindazzi &gt;&gt;&gt; #4IR #Industry40 #AI #Robotics #Autonomous #Automa‚Ä¶,2019-12-11 06:01:16
Srini14325,,"RT @iamGrvJ: 25 jobs emerging in the #futureofwork

#4IR #Industry40 #AI #Robotics #Autonomous #Automation #GigEconomy #DefStar5 #DataScien‚Ä¶",2019-12-11 06:01:03
sheilagivens4,"Boise, ID","RT @iamGrvJ: 25 jobs emerging in the #futureofwork

#4IR #Industry40 #AI #Robotics #Autonomous #Automation #GigEconomy #DefStar5 #DataScien‚Ä¶",2019-12-11 05:58:52
thereallilReef,"Alcoa, TN","RT @iamGrvJ: 25 jobs emerging in the #futureofwork

#4IR #Industry40 #AI #Robotics #Autonomous #Automation #GigEconomy #DefStar5 #DataScien‚Ä¶",2019-12-11 05:55:59
agami,"Melbourne, Australia","RT @LewisGarrad: Groundbreaking innovations have revamped actions like communicating with loved ones, ordering food, or hailing a cab. via‚Ä¶",2019-12-11 05:53:40
assiyhndrxx_,"Houston, TX","RT @iamGrvJ: 25 jobs emerging in the #futureofwork

#4IR #Industry40 #AI #Robotics #Autonomous #Automation #GigEconomy #DefStar5 #DataScien‚Ä¶",2019-12-11 05:48:38
LewisGarrad,Singapore,"Groundbreaking innovations have revamped actions like communicating with loved ones, ordering food, or hailing a ca‚Ä¶ https://t.co/GDgvKIPMDp",2019-12-11 05:48:04
Majorexxt,,"RT @iamGrvJ: 25 jobs emerging in the #futureofwork

#4IR #Industry40 #AI #Robotics #Autonomous #Automation #GigEconomy #DefStar5 #DataScien‚Ä¶",2019-12-11 05:45:44
lil_David_HF,"Alabama, USA","RT @iamGrvJ: 25 jobs emerging in the #futureofwork

#4IR #Industry40 #AI #Robotics #Autonomous #Automation #GigEconomy #DefStar5 #DataScien‚Ä¶",2019-12-11 05:45:18
maloveritatem,"California, USA",RT @Wonolo: Are #gigeconomy workers being exploited? https://t.co/NkR02GLRlK,2019-12-11 05:44:36
OfficalYBPage," Indianapolis, IN 46229","RT @iamGrvJ: 25 jobs emerging in the #futureofwork

#4IR #Industry40 #AI #Robotics #Autonomous #Automation #GigEconomy #DefStar5 #DataScien‚Ä¶",2019-12-11 05:43:24
magiiicuno,"Tidal County, Knoxville, TN","RT @iamGrvJ: 25 jobs emerging in the #futureofwork

#4IR #Industry40 #AI #Robotics #Autonomous #Automation #GigEconomy #DefStar5 #DataScien‚Ä¶",2019-12-11 05:42:03
HankFrost4,"Baton Rouge, LA","RT @iamGrvJ: 25 jobs emerging in the #futureofwork

#4IR #Industry40 #AI #Robotics #Autonomous #Automation #GigEconomy #DefStar5 #DataScien‚Ä¶",2019-12-11 05:42:03
808TRILL,"Montgomery, AL","RT @iamGrvJ: 25 jobs emerging in the #futureofwork

#4IR #Industry40 #AI #Robotics #Autonomous #Automation #GigEconomy #DefStar5 #DataScien‚Ä¶",2019-12-11 05:41:56
meyoumusicboy,"Atlanta, GA","RT @iamGrvJ: 25 jobs emerging in the #futureofwork

#4IR #Industry40 #AI #Robotics #Autonomous #Automation #GigEconomy #DefStar5 #DataScien‚Ä¶",2019-12-11 05:41:18
GeraldHunley,"Philadelphia, PA","RT @iamGrvJ: 25 jobs emerging in the #futureofwork

#4IR #Industry40 #AI #Robotics #Autonomous #Automation #GigEconomy #DefStar5 #DataScien‚Ä¶",2019-12-11 05:41:12
SinCityNewsTime,,"RT @iamGrvJ: 25 jobs emerging in the #futureofwork

#4IR #Industry40 #AI #Robotics #Autonomous #Automation #GigEconomy #DefStar5 #DataScien‚Ä¶",2019-12-11 05:40:28
IhmradioM,"Cleveland, OH","RT @iamGrvJ: 25 jobs emerging in the #futureofwork

#4IR #Industry40 #AI #Robotics #Autonomous #Automation #GigEconomy #DefStar5 #DataScien‚Ä¶",2019-12-11 05:39:51
agami,"Melbourne, Australia","RT @iamGrvJ: 25 jobs emerging in the #futureofwork

#4IR #Industry40 #AI #Robotics #Autonomous #Automation #GigEconomy #DefStar5 #DataScien‚Ä¶",2019-12-11 05:39:42
TAYMOBTOPDOG,pittsburgh,"RT @iamGrvJ: 25 jobs emerging in the #futureofwork

#4IR #Industry40 #AI #Robotics #Autonomous #Automation #GigEconomy #DefStar5 #DataScien‚Ä¶",2019-12-11 05:39:30
ManifestMusicNC,"Charlotte, NC","RT @iamGrvJ: 25 jobs emerging in the #futureofwork

#4IR #Industry40 #AI #Robotics #Autonomous #Automation #GigEconomy #DefStar5 #DataScien‚Ä¶",2019-12-11 05:38:01
BackwoodNash,snap: im_bnash,"RT @iamGrvJ: 25 jobs emerging in the #futureofwork

#4IR #Industry40 #AI #Robotics #Autonomous #Automation #GigEconomy #DefStar5 #DataScien‚Ä¶",2019-12-11 05:36:42
JesiRok,"Dallas,Tx","RT @iamGrvJ: 25 jobs emerging in the #futureofwork

#4IR #Industry40 #AI #Robotics #Autonomous #Automation #GigEconomy #DefStar5 #DataScien‚Ä¶",2019-12-11 05:36:19
mgizzle,"Brooklyn, NYC","RT @iamGrvJ: 25 jobs emerging in the #futureofwork

#4IR #Industry40 #AI #Robotics #Autonomous #Automation #GigEconomy #DefStar5 #DataScien‚Ä¶",2019-12-11 05:35:50
JUS_JayGee,The Hills of Paradise 619 ,"RT @iamGrvJ: 25 jobs emerging in the #futureofwork

#4IR #Industry40 #AI #Robotics #Autonomous #Automation #GigEconomy #DefStar5 #DataScien‚Ä¶",2019-12-11 05:35:39
AllmightyVon_,"Houston, TX","RT @iamGrvJ: 25 jobs emerging in the #futureofwork

#4IR #Industry40 #AI #Robotics #Autonomous #Automation #GigEconomy #DefStar5 #DataScien‚Ä¶",2019-12-11 05:35:04
bahblack_,@freshdahfella,"RT @iamGrvJ: 25 jobs emerging in the #futureofwork

#4IR #Industry40 #AI #Robotics #Autonomous #Automation #GigEconomy #DefStar5 #DataScien‚Ä¶",2019-12-11 05:34:49
soconcieted97,"Houston,Texas","RT @iamGrvJ: 25 jobs emerging in the #futureofwork

#4IR #Industry40 #AI #Robotics #Autonomous #Automation #GigEconomy #DefStar5 #DataScien‚Ä¶",2019-12-11 05:34:15
Kiilla3sUp,"Cleveland, OH","RT @iamGrvJ: 25 jobs emerging in the #futureofwork

#4IR #Industry40 #AI #Robotics #Autonomous #Automation #GigEconomy #DefStar5 #DataScien‚Ä¶",2019-12-11 05:34:10
deletedthisbihh,,"RT @iamGrvJ: 25 jobs emerging in the #futureofwork

#4IR #Industry40 #AI #Robotics #Autonomous #Automation #GigEconomy #DefStar5 #DataScien‚Ä¶",2019-12-11 05:33:55
LilDukieMe,youtube.com/LilDuKie ,"RT @iamGrvJ: 25 jobs emerging in the #futureofwork

#4IR #Industry40 #AI #Robotics #Autonomous #Automation #GigEconomy #DefStar5 #DataScien‚Ä¶",2019-12-11 05:33:49
NEXT_robotics,,"RT @iamGrvJ: 25 jobs emerging in the #futureofwork

#4IR #Industry40 #AI #Robotics #Autonomous #Automation #GigEconomy #DefStar5 #DataScien‚Ä¶",2019-12-11 05:33:04
TheKartel_DKK,,"RT @iamGrvJ: 25 jobs emerging in the #futureofwork

#4IR #Industry40 #AI #Robotics #Autonomous #Automation #GigEconomy #DefStar5 #DataScien‚Ä¶",2019-12-11 05:33:02
_CocoBot," 18¬∞ 55' , 72¬∞ 54' ","RT @iamGrvJ: 25 jobs emerging in the #futureofwork

#4IR #Industry40 #AI #Robotics #Autonomous #Automation #GigEconomy #DefStar5 #DataScien‚Ä¶",2019-12-11 05:32:28
iamGrvJ,,"25 jobs emerging in the #futureofwork

#4IR #Industry40 #AI #Robotics #Autonomous #Automation #GigEconomy #DefStar5‚Ä¶ https://t.co/LNZ1FiDzKx",2019-12-11 05:32:22
agami,"Melbourne, Australia","RT @NobleHouseTalks: Structured HR and recruiting practices aren‚Äôt the first things that startups prioritize, hence hiring an HR takes a ba‚Ä¶",2019-12-11 05:26:52
petegate,"Nairobi, Kenya",RT @MikeQuindazzi: 25 jobs emerging in the #futureofwork &gt;&gt;&gt; @wef via @MikeQuindazzi &gt;&gt;&gt; #4IR #Industry40 #AI #Robotics #Autonomous #Automa‚Ä¶,2019-12-11 05:20:27
NobleHouseTalks,,"Structured HR and recruiting practices aren‚Äôt the first things that startups prioritize, hence hiring an HR takes a‚Ä¶ https://t.co/E4LLvpLjI5",2019-12-11 05:17:42
agami,"Melbourne, Australia","RT @AgileOneGlobal: The #gigeconomy is taking over the world, and in the United States alone there are more than 16 m contingent workers. Y‚Ä¶",2019-12-11 05:13:54
Justitia20_,,RT @MikeQuindazzi: 25 jobs emerging in the #futureofwork &gt;&gt;&gt; @wef via @MikeQuindazzi &gt;&gt;&gt; #4IR #Industry40 #AI #Robotics #Autonomous #Automa‚Ä¶,2019-12-11 04:49:11
AgileOneGlobal,"Torrance, CA","The #gigeconomy is taking over the world, and in the United States alone there are more than 16 m contingent worker‚Ä¶ https://t.co/raYVqAkyDN",2019-12-11 04:45:04
thetifoso,"Bengaluru, India",RT @MikeQuindazzi: 25 jobs emerging in the #futureofwork &gt;&gt;&gt; @wef via @MikeQuindazzi &gt;&gt;&gt; #4IR #Industry40 #AI #Robotics #Autonomous #Automa‚Ä¶,2019-12-11 04:43:22
MikeQuindazzi,"Los Angeles, CA",RT @MikeQuindazzi: 25 jobs emerging in the #futureofwork &gt;&gt;&gt; @wef via @MikeQuindazzi &gt;&gt;&gt; #4IR #Industry40 #AI #Robotics #Autonomous #Automa‚Ä¶,2019-12-11 04:41:20
dlblumberg,"Houston, TX","RT @ASJAhq: Proud of the impact #ASJA members are making in the fight of proposed anti-freelancer #laws in #California, #NewJersey and #New‚Ä¶",2019-12-11 03:57:46
jwilhelmi,"Chicago, IL","RT @KQEDarts: California's #AB5 initially set out to protect contractors working in the #GigEconomy, offering:

üå° Sick leave
üí∞Overtime pay‚Ä¶",2019-12-11 03:00:25
nowsourcing,"Cincinnati, OH","RT @hackernoon: ""Hacking The Future of the Gig Economy"" by @nowsourcing https://t.co/HYU2uju4vq #gigeconomy #infographic",2019-12-11 02:55:15
agami,"Melbourne, Australia","RT @hackernoon: ""Hacking The Future of the Gig Economy"" by @nowsourcing https://t.co/HYU2uju4vq #gigeconomy #infographic",2019-12-11 02:44:51
hackernoon,San Francisco & Colorado,"""Hacking The Future of the Gig Economy"" by @nowsourcing https://t.co/HYU2uju4vq #gigeconomy #infographic",2019-12-11 02:40:01
agami,"Melbourne, Australia",RT @LicenseToGig: If you decide to quit your W2 job to take up a position in the #gigeconomy you must DIVERSIFY!!!!!! That's the number 1 t‚Ä¶,2019-12-11 02:30:55
MaldonadoBBC,"Los Angeles, CA","RT @KQEDarts: California's #AB5 initially set out to protect contractors working in the #GigEconomy, offering:

üå° Sick leave
üí∞Overtime pay‚Ä¶",2019-12-11 02:21:30
SFUrbanFilmFest,"San Francisco, CA","RT @KQEDarts: California's #AB5 initially set out to protect contractors working in the #GigEconomy, offering:

üå° Sick leave
üí∞Overtime pay‚Ä¶",2019-12-11 02:09:55
